TIME,ACCELERATION
4.100799560546875e-05,1.009805438734335
0.014683008193969727,1.0282474213040786
0.028972864151000977,1.0008495119922174
0.04319906234741211,1.011691207216262
0.05736804008483887,1.0197899150476164
0.07169699668884277,1.0115988229494348
0.08592987060546875,0.9989822095789478
0.1001729965209961,1.0103918970486863
0.11428284645080566,1.01097595165301
0.12854290008544922,1.0283865622021975
0.14282703399658203,1.0293830676246147
0.15707707405090332,1.0389936897611236
0.17131495475769043,0.9803299216661059
0.1855459213256836,1.014624175882187
0.19988298416137695,1.0146660018443345
0.21399784088134766,1.0244327103451232
0.22826004028320312,1.0257818729023955
0.24248003959655762,1.0073952513449742
0.2567780017852783,0.9872356809503575
0.27112293243408203,1.021800938526797
0.28536391258239746,1.0178153261280733
0.29964303970336914,1.0221879917238057
0.31378602981567383,1.0182808702745325
0.32809901237487793,1.0053999360788908
0.342303991317749,1.0098726964736129
0.356564998626709,1.0118311815864691
0.37079501152038574,1.0068513589708423
0.3850228786468506,1.0080477122167573
0.3992948532104492,1.0084126482000486
0.4134659767150879,0.9938058345631849
0.42758703231811523,1.0416615327072785
0.4418148994445801,1.0144499216480818
0.4560379981994629,0.985748967010785
0.47028684616088867,1.0040932863314007
0.48477888107299805,1.015531388883754
0.49907398223876953,1.0047458151212636
0.5133018493652344,1.0074304255654787
0.5276069641113281,1.0130373929720617
0.5417859554290771,1.0205896372138
0.5558898448944092,1.020025900624112
0.5701558589935303,1.0287435010424328
0.5843939781188965,1.0224841970514311
0.5986368656158447,0.9970599406540765
0.6127970218658447,0.9970158217407696
0.6270589828491211,1.0138334759211425
0.641247034072876,1.0275057530764162
0.655505895614624,1.0366738189642701
0.6698439121246338,1.0156462740504009
0.68408203125,1.0026083545679918
0.6983098983764648,0.990167709604521
0.7124810218811035,1.0259088278559723
0.7267389297485352,1.0345924137427285
0.7411079406738281,1.0065421740550158
0.7553439140319824,1.023417174159295
0.7696568965911865,1.016084097755245
0.7838969230651855,1.0157721192836038
0.7981150150299072,1.0278166346178317
0.8123190402984619,1.0121028568671877
0.8265929222106934,1.0370130476245722
0.8408298492431641,1.0135301847418472
0.8550760746002197,1.0512182752106438
0.8692889213562012,1.0363528838580909
0.8835370540618896,0.986933033585505
0.8977630138397217,0.9895480936033304
0.911949872970581,1.0158473138313961
0.9262099266052246,1.014939472949454
0.9405879974365234,1.0051973108402141
0.9602818489074707,0.9882434038597826
0.9745900630950928,0.9939191830169491
0.9888379573822021,1.000561169286688
1.0030879974365234,1.0178037309137087
1.0172579288482666,1.0649630663740333
1.0315439701080322,1.0259450812151178
1.0458300113677979,1.0098938851274595
1.0600168704986572,1.008405969042288
1.074225902557373,1.018096967279608
1.0885000228881836,1.0163069856157554
1.102799892425537,1.0313982423524377
1.1168999671936035,0.9576412203358268
1.131155014038086,1.0403031707831225
1.1453728675842285,1.0266066833463594
1.1596429347991943,1.0354402260559379
1.1738698482513428,1.0314556263612225
1.191443920135498,0.9992735727644372
1.2057969570159912,1.0282071912662054
1.220128059387207,1.0044617359189565
1.2343828678131104,1.0298855742994983
1.2486238479614258,1.03527373600869
1.2628769874572754,1.0380637452704158
1.2770700454711914,1.049585335459408
1.291316032409668,0.9636562622933279
1.3054158687591553,1.0391215831049259
1.3197710514068604,1.0215699723449743
1.3340280055999756,0.9896066696360093
1.348280906677246,1.0157967348888608
1.362536907196045,1.0654644842435848
1.3769779205322266,1.0123146393728546
1.391185998916626,0.9957495300326339
1.4054250717163086,0.9867544631354502
1.4197959899902344,1.0249727687474868
1.4340848922729492,1.0245314131761787
1.448328971862793,1.0187256944717429
1.4624760150909424,1.0328855837820194
1.4767210483551025,1.0030420346280327
1.4909560680389404,0.9879708688530138
1.5051789283752441,0.9825143941159745
1.5194640159606934,1.0450923602342441
1.5337460041046143,1.0078805708259897
1.547968864440918,1.0201423830342264
1.562324047088623,1.0128210535956477
1.5765149593353271,0.9647920108158358
1.5907490253448486,1.0266862513069617
1.605327844619751,1.009230983132582
1.6197209358215332,0.9793299106036474
1.634023904800415,1.0169537874916967
1.6482620239257812,0.9711253055960422
1.6625080108642578,1.065352425715302
1.6767139434814453,0.9763125595679819
1.6909358501434326,0.9977714920099651
1.705199956893921,0.9919388226633734
1.7193629741668701,0.9979519434980447
1.7336180210113525,0.9997273908015546
1.7478358745574951,1.0333660552524946
1.762099027633667,1.0341722525958843
1.776305913925171,0.978118145708437
1.7905330657958984,1.0110890258716427
1.80464506149292,1.0187738462594311
1.8188140392303467,1.0248393002585185
1.8331749439239502,1.0237343626958997
1.847395896911621,1.027427930972874
1.861588954925537,1.0375857076517905
1.87583589553833,1.0037727118710007
1.890058994293213,1.0127253587729441
1.9042949676513672,1.019411686576837
1.918468952178955,1.0195305484462385
1.9328150749206543,1.0108289008791596
1.9470548629760742,1.0141621838963992
1.9612619876861572,0.9798659337068748
1.9755370616912842,1.0078154866965343
1.989832878112793,1.0149426148546068
2.0040628910064697,1.0338089722460801
2.0182478427886963,1.0143527351798693
2.0326199531555176,1.0158922577391065
2.046849012374878,1.0118729168291425
2.061079978942871,1.0082451830445498
2.0752999782562256,1.0365596255290461
2.089617967605591,1.0218648985850505
2.103877067565918,1.014686796695053
2.118100881576538,1.0083584748173449
2.132390022277832,1.0124731601878185
2.1466269493103027,1.0129551053073351
2.1608340740203857,0.9990794295713228
2.1750049591064453,1.0147107631130188
2.1892549991607666,1.012709732468002
2.2034690380096436,1.0362593621175018
2.217723846435547,1.0047870438356232
2.2320148944854736,0.991246716083797
2.2463538646698,1.052152993316446
2.2605390548706055,0.9717669423861277
2.2747159004211426,1.0236276348050757
2.288954973220825,1.0137500181562655
2.3030710220336914,1.0068267614647635
2.3173389434814453,0.9982444433262548
2.331573963165283,1.0326943253447032
2.3458218574523926,1.0383755987626455
2.3600220680236816,1.0523289623510068
2.374315023422241,1.0053163710861452
2.3885550498962402,1.000430193397454
2.402848958969116,1.0302647016254338
2.4170949459075928,0.9392247864296476
2.4313008785247803,1.021103855541281
2.4489428997039795,1.0005966433165123
2.4636619091033936,0.9983981236676319
2.478036880493164,0.998807016685964
2.4922659397125244,0.9881937040974201
2.506389856338501,1.0938291793501018
2.520714044570923,1.019499474976663
2.5348339080810547,1.0105115839366423
2.5490779876708984,1.03936459158195
2.5633890628814697,1.0125616384511626
2.577604055404663,1.0096214973697828
2.591830015182495,1.0167629908962164
2.6060569286346436,1.014083455343869
2.6202869415283203,1.0108780774158943
2.634428024291992,1.0169297860175186
2.648771047592163,1.0334994030117015
2.663006067276001,1.0305763703226676
2.6771769523620605,1.0198137323150325
2.691348075866699,1.0123808767155458
2.7055630683898926,1.038522823982882
2.7199020385742188,1.009844188474654
2.73404598236084,1.0034811106768122
2.748213052749634,1.0198246325475855
2.762565851211548,1.0269260209933484
2.776776075363159,1.0144164303858427
2.7910850048065186,1.0008999827794753
2.8052139282226562,1.0016889019263269
2.8195860385894775,1.0237014954176966
2.833751916885376,1.038123201004665
2.8480539321899414,1.0360880850181293
2.8622820377349854,1.0367057000311228
2.8764820098876953,1.0176706985860655
2.89070987701416,1.0226615118790396
2.9049339294433594,1.022672410899927
2.9191598892211914,1.034020891686858
2.9334049224853516,1.0212576269847835
2.9476418495178223,1.0098190441057666
2.961850881576538,1.0238657339349975
2.9760379791259766,1.0134872827056667
2.99033784866333,1.0032673446578035
3.0045599937438965,1.0214574748302827
3.018784999847412,1.0013247596081174
3.032963991165161,0.9930345719053784
3.047236919403076,1.0126640292920828
3.0614218711853027,1.02895736161875
3.0756208896636963,0.9490234739276496
3.0899250507354736,1.0276632066108131
3.1042239665985107,1.0100099131598121
3.1198220252990723,1.0227989068134749
3.134063959121704,1.0202841189586362
3.1483490467071533,0.99894891574678
3.1626038551330566,1.033625611890362
3.1768219470977783,1.0307700745475656
3.1911330223083496,1.0214755639595194
3.205364942550659,1.0177802179901663
3.2196710109710693,0.9975051156010828
3.233855962753296,0.989556917875321
3.2481188774108887,1.0656598451795978
3.2624449729919434,1.009684103768486
3.276731014251709,1.038672639373808
3.291043996810913,1.0108454112541856
3.3051559925079346,1.0067805544164672
3.319460868835449,1.0167421798855543
3.3337180614471436,1.0223046942166425
3.34796404838562,1.0081607010084106
3.362236976623535,0.9878503214261037
3.3764288425445557,0.9871597259082551
3.3906588554382324,0.9849874922156725
3.4049079418182373,0.9914672219576092
3.419261932373047,0.9947454564943976
3.4334869384765625,0.9991543890034614
3.4477438926696777,0.9904704517904124
3.4620349407196045,0.9904826076950533
3.4762539863586426,0.9772757710113064
3.4905810356140137,1.0025185222294024
3.5048129558563232,0.9930062407732542
3.5190539360046387,1.0039602183519345
3.533334970474243,0.985568881762481
3.5474720001220703,0.977762995021748
3.5617518424987793,0.9895489368818701
3.5759499073028564,1.0231218506444744
3.5901939868927,1.0397603265901203
3.604444980621338,1.0329077141483964
3.618666887283325,1.0021239018043457
3.632873058319092,1.015273546884688
3.6471290588378906,1.0302533622340635
3.661318063735962,1.0319611958039316
3.675528049468994,1.036954016821978
3.6898210048675537,1.0640026294148732
3.704040050506592,1.0229174333609656
3.7182679176330566,1.0146322239892025
3.7325758934020996,1.0326938058861135
3.7466979026794434,1.0404178413187917
3.760917901992798,1.0007210456553308
3.7750420570373535,0.9980487263582083
3.7893059253692627,1.0109016329550717
3.8035008907318115,1.058752885519552
3.817744016647339,1.0268429888276633
3.8324129581451416,1.0355059626788436
3.8465349674224854,1.0221169374905346
3.860771894454956,1.0251040684972892
3.8749849796295166,1.0388587809317757
3.889267921447754,1.0117895918975681
3.9035110473632812,1.0119575307080613
3.9177398681640625,1.0094004695737808
3.931978940963745,1.0060855055754263
3.949460983276367,0.9902679016336541
3.9644739627838135,0.9737203208601909
3.9787888526916504,0.9612491381459037
3.993006944656372,0.9637405327753732
4.007261037826538,0.995308779914647
4.021549940109253,0.948280215851287
4.035807847976685,0.9214840075988167
4.05008602142334,0.7687563019781072
4.064300060272217,0.7640067924676898
4.078595876693726,0.3725276349204841
4.09280800819397,0.4398343615436184
4.107068061828613,0.16856898029503026
4.121319055557251,0.11039557465446609
4.135602951049805,0.0692903610660077
4.149991035461426,0.07204589430092541
4.164263010025024,0.0679505247038287
4.178523063659668,0.042168535279094393
4.192816972732544,0.06292105939406135
4.207052946090698,0.05374200096048088
4.221364974975586,0.06310267743023862
4.235630035400391,0.05090434487315726
4.249987840652466,0.06259053348955675
4.264236927032471,0.05030067162643613
4.278517961502075,0.05138623714765054
4.292809009552002,0.04970225852731508
4.306920051574707,0.05921605569553101
4.32117486000061,0.051694435327797744
4.335414886474609,0.05131601315551275
4.349869966506958,0.047363910474235306
4.3641369342803955,0.04476902707472304
4.3783299922943115,0.04886229273297608
4.392547845840454,0.06001193086894182
4.406771898269653,0.061376486983611755
4.42115592956543,0.0963396972239375
4.435417890548706,0.05207182439167361
4.449785947799683,0.055952429457375816
4.464038848876953,0.051662140719800236
4.478241920471191,0.08095866570933762
4.492473840713501,0.056288049332701734
4.506775856018066,0.05885409689930069
4.521101951599121,0.05996374067780828
4.535348892211914,0.05980249402130494
4.54976487159729,6.1626605106307215
4.564043045043945,5.861204558521967
4.578248977661133,6.928132753664667
4.59251594543457,4.952519671638392
4.606752872467041,5.6560136155530465
4.621157884597778,2.9204506691892447
4.63544487953186,0.6179435059301953
4.649841070175171,1.1826097533845226
4.664094924926758,0.31252536670726466
4.678343057632446,0.7111783300938868
4.692611932754517,0.4001664441235321
4.706892013549805,0.5279648690421148
4.721173048019409,0.06946776846099169
4.735452890396118,0.6061146889924904
4.749886989593506,0.4584436356147559
4.764195919036865,0.5186757091961408
4.778446912765503,4.234321919421723
4.7927000522613525,5.664247375628092
4.806820869445801,1.992193723182682
4.821130990982056,4.347487817399525
4.835433006286621,0.8965212413379822
4.849845886230469,1.2840212183889608
4.864080905914307,0.8027587664163239
4.8782639503479,0.43527753910014066
4.892546892166138,0.4447937336262451
4.90681791305542,0.41234664956446954
4.921175956726074,0.24786237929047522
4.935463905334473,0.41993053338639025
4.949918031692505,4.044694364551188
4.964248895645142,2.087307383736423
4.978496074676514,4.734808300824586
4.992738962173462,3.9562746701066462
5.007004976272583,6.375467513509931
5.021234035491943,4.8317519024687146
5.035589933395386,3.2465534366720195
5.049975872039795,0.5990773677025687
5.064236879348755,1.9753380552526825
5.0784618854522705,4.058186581319322
5.092741966247559,1.5684824096002197
5.107054948806763,1.156051128914962
5.1213219165802,1.1908525524808615
5.135565996170044,1.2897126841137068
5.14998984336853,1.3890109392686982
5.16428804397583,1.135637142345322
5.17851996421814,1.1374560190438547
5.192786931991577,1.103553811821994
5.207018852233887,1.0173344823819126
5.221345901489258,1.0295027177764606
5.235681056976318,1.0102177388062878
5.250097036361694,0.9717915072869019
5.264340877532959,1.031804369259963
5.27856707572937,0.9249496265819952
5.292863845825195,1.0182745192526144
5.307025909423828,1.0743345440964165
5.321292877197266,1.0501032347111021
5.335545063018799,0.9752359459340348
5.349994897842407,0.9822676975620073
5.364255905151367,1.031265056384598
5.3785669803619385,1.040593159964606
5.392849922180176,1.022749953789105
5.407094955444336,1.017795444353822
5.421335935592651,1.0278273919877485
5.435589075088501,1.0219681653590709
5.450135946273804,1.012068257293505
5.465183973312378,1.0104566382665439
5.479640007019043,1.0217592879643933
5.4938578605651855,1.0217188607948104
5.508066892623901,1.024705668966278
5.5223228931427,0.9922025784525694
5.536591053009033,1.018731486848522
5.550818920135498,1.0150198967867357
5.565074920654297,1.0147937894509331
5.579464912414551,1.0197739878529075
5.593695878982544,1.021388762395696
5.607938051223755,1.0125475401372794
5.622186899185181,1.0157496742606669
5.63646388053894,1.0210781128320094
5.650805950164795,1.017885714443049
5.6650519371032715,1.014876985189256
5.679281949996948,1.0169094766353626
5.693495988845825,1.0157304268917409
5.707795858383179,0.992547337918927
5.722049951553345,1.0142115514273817
5.7362940311431885,0.997343199746352
5.750738859176636,1.0126033435874826
5.7651190757751465,0.995137702049109
5.779547929763794,1.0234697351402318
5.793771028518677,1.0141558952407328
5.807884931564331,1.0184910755281467
5.822260856628418,1.0218646652679
5.836495876312256,1.016260417823837
5.850812911987305,1.0155751436174119
5.865059852600098,1.047835350800005
5.879297971725464,1.0173964383990017
5.893517017364502,1.0239552942478618
5.9077558517456055,0.9960623044305028
5.922051906585693,1.0493983418252537
5.9363038539886475,1.0176668622649483
5.950721025466919,1.0113858592150897
5.964998006820679,1.0178053999299754
5.979389905929565,1.0489479721047552
5.993624925613403,0.9976618671781868
6.007859945297241,1.0162308866385585
6.022099018096924,1.0198025981770478
6.036378860473633,1.0118871718034517
6.050709962844849,1.013780621114371
6.064986944198608,1.0481325254585283
6.079257965087891,1.0187242609996783
6.0934898853302,1.0218583365198726
6.107732057571411,1.0164719204868595
6.122006893157959,1.0460874527391968
6.136257886886597,1.0099783992345932
6.150702953338623,1.0170762770357336
6.164974927902222,1.0226484853567763
6.179286003112793,1.0107942282137912
6.196460008621216,0.9994951404264475
6.210839033126831,1.0481371601470728
6.22498893737793,1.0258476764586264
6.2393879890441895,1.0459420046383083
6.253767967224121,1.0176161394688246
6.268035888671875,1.0192755016648185
6.283179044723511,0.9975854811216808
6.2975099086761475,0.9943152313684063
6.311774969100952,1.0146012354896072
6.326035976409912,0.9962993334876618
6.340292930603027,1.0179801629949778
6.35444188117981,0.9923640416995366
6.3687169551849365,1.0248304017412193
6.382962942123413,0.9943640557147801
6.3972978591918945,0.993271393354236
6.411891937255859,1.021680794789847
6.426131963729858,1.021042854190601
6.4403839111328125,1.0237877515788603
6.454527854919434,1.0173721837268306
6.468822956085205,1.025320897229289
6.4830780029296875,1.0194593674615284
6.497328996658325,1.0484212871270098
6.511628866195679,1.0491973965673982
6.525846004486084,1.023029828594127
6.540120840072632,1.0238865747981611
6.554272890090942,1.0138502901095199
6.568542957305908,1.020634518291056
6.582865953445435,1.0114924350781858
6.597121953964233,1.0150665508495014
6.6113409996032715,1.031040141398135
6.625546932220459,1.0181968696851085
6.63988184928894,0.9937301417831782
6.654072046279907,1.0180803695928666
6.668321847915649,1.0182797581168732
6.682637929916382,1.009862810250425
6.6968910694122314,0.9944876494218519
6.711119890213013,1.0128841978105325
6.7252960205078125,1.020723252621732
6.7396910190582275,1.024572078420144
6.753864049911499,1.0205860162731233
6.768157005310059,1.0143802938364297
6.78242301940918,0.9937964182635038
6.796680927276611,1.0250222843352927
6.810888051986694,1.020851099417618
6.82503604888916,1.0266142311009787
6.839277982711792,1.020964510268164
6.853445053100586,1.015462598287506
6.867786884307861,1.0214118421196363
6.88205099105835,1.0213945980262313
6.8963000774383545,1.0184789612984373
6.910595893859863,1.0181042561253169
6.9247660636901855,1.0218804432201944
6.93902587890625,1.0451860895971394
6.953404903411865,1.021547683883774
6.968003034591675,0.9939756425160486
6.982406854629517,1.019372131091021
6.996667861938477,1.0268601704488474
7.0109779834747314,1.0221544332820802
7.025212049484253,1.0264680560604942
7.039528846740723,1.0237035915023704
7.0536720752716064,0.9914026234758091
7.067966938018799,1.014156688671401
7.082319974899292,1.0214296694634373
7.096564054489136,1.003457143348352
7.1107869148254395,1.040903453974436
7.124943017959595,1.0277452445823763
7.13926100730896,1.023190475820248
7.153473854064941,0.9945737123976257
7.167759895324707,1.0221020379255434
7.182018041610718,1.0229876162803972
7.196261882781982,1.0175306781389835
7.210633039474487,1.0163668637337673
7.224798917770386,0.9949622216073545
7.239048004150391,1.0262571034435362
7.253335952758789,1.021154667759896
7.26760196685791,1.0185674737875687
7.281936883926392,1.014710263818418
7.296177864074707,1.0218440164891
7.3103108406066895,1.018315756287622
7.324549913406372,1.0160573479263142
7.3388049602508545,1.0215819332296698
7.353100061416626,1.0241909893356127
7.367389917373657,1.0237878971281706
7.381698846817017,1.0148255356115095
7.395945072174072,1.0284609503725421
7.410171985626221,0.9935698603856378
7.42441987991333,1.0117079980934318
7.4386608600616455,1.021238249964454
7.452893972396851,1.04668783535983
7.467184066772461,1.016363872843898
7.481490850448608,1.0218936253521398
7.495737075805664,0.9925183923396006
7.51003885269165,1.0276142532980155
7.524276971817017,1.0130301559267703
7.538513898849487,1.0115149156410703
7.552774906158447,0.9950643268954432
7.566931962966919,1.0217011843435984
7.581196069717407,1.0217649756412848
7.595411062240601,1.0253202287033278
7.609734058380127,1.023757622426107
7.62398099899292,1.0213786958546591
7.638262987136841,1.042786085727633
7.659329891204834,1.0125067745971092
7.673583984375,1.03934039078356
7.687924861907959,1.0148024823003925
7.712074041366577,1.0261735815201747
7.726301908493042,1.0459712953239357
7.750088930130005,1.019779949620974
7.764343976974487,1.0244716049921148
7.778486967086792,1.015294681532437
7.792981863021851,1.0198347728737998
7.8071019649505615,0.9941771674794044
7.8312458992004395,1.0175751083827198
7.845491886138916,1.0145742703189025
7.859775066375732,1.0210038581162508
7.873993873596191,0.9925024178617222
7.8880698680877686,1.0251205815356197
7.902230978012085,1.0120191091422048
7.916468858718872,1.0144339106124147
7.9304749965667725,1.049022862489806
7.944632053375244,1.0425113718066685
7.95880389213562,0.9943838665061612
7.972790002822876,1.0179764156682367
7.986937999725342,1.021423921564972
8.000972032546997,1.0202827460958537
8.014900922775269,1.037414649532013
8.029098987579346,1.0212378122263142
8.043215036392212,1.0189458986338793
8.057153940200806,1.0228705838007985
8.071416854858398,1.0141276839691082
8.085438966751099,1.0292918659356147
8.099467992782593,1.0164405189501697
8.113818883895874,1.0268679485206633
8.127833843231201,0.9976918583835495
8.141808032989502,0.9920603152481562
8.155982971191406,1.0228279861317469
8.1700279712677,1.0202592318826877
8.184149026870728,1.0235892903989685
8.198616981506348,1.0288835886528545
8.212568998336792,0.9967073233763184
8.226858854293823,1.0231595717585593
8.240953922271729,1.022461316419238
8.254843950271606,1.0136427682214717
8.26915693283081,1.022441874766334
8.283215045928955,1.0254847892031178
8.297159910202026,1.021004062440881
8.311361074447632,0.9971075247191714
8.325355052947998,1.0267318818096225
8.339303016662598,1.0248651229693255
8.353473901748657,1.0230247888442308
8.36752700805664,1.0179958255003978
8.381641864776611,1.0184638914637498
8.395789861679077,1.0248019027017803
8.409815073013306,0.9914604286438364
8.424010038375854,0.9933451709639345
8.438562870025635,1.0467680122022902
8.459435939788818,1.031900749647739
8.473862886428833,1.0212906604549348
8.488158941268921,1.0236983221702318
8.502166032791138,1.0282074231441327
8.516447067260742,1.0015364109396605
8.530484914779663,1.0305930270202852
8.544420003890991,1.0433799704486661
8.558533906936646,0.9946211457359402
8.572669982910156,1.0130570445253029
8.586597919464111,1.0140274982260138
8.600947856903076,1.0231514450878063
8.615217924118042,0.9961569971686781
8.62946891784668,1.0119259007300228
8.643679857254028,0.9923136773565864
8.65792202949524,1.0160693737040856
8.681756019592285,1.0158729250616694
8.695819854736328,1.0121622475903926
8.7098388671875,1.025836520656176
8.7239990234375,1.0271607732820915
8.738008975982666,1.019841347959392
8.75241994857788,1.0175993582181435
8.766540050506592,1.018174478114287
8.780556917190552,1.0214537986132393
8.794699907302856,1.0270237587499302
8.808812856674194,1.0254915605548374
8.82283091545105,1.0194826370283612
8.837043046951294,0.994810706683723
8.851089000701904,1.0265408123169857
8.864997863769531,1.0204821715715675
8.879304885864258,1.0223893483921918
8.893301963806152,0.9990106993876479
8.90730094909668,1.0176281761117056
8.921658992767334,1.0212798050508098
8.935672998428345,1.0239155650140819
8.949678897857666,1.0452520401466456
8.963924884796143,1.0323492607014653
8.977926969528198,1.0472400370470203
8.992045879364014,1.0261053010729824
9.006285905838013,1.0234772477912581
9.020357847213745,1.0245354565023124
9.034550905227661,1.0240912351514249
9.048970937728882,1.0225279165808006
9.062916994094849,1.0166158977454252
9.077101945877075,1.0206711633804537
9.091186046600342,1.01786706377037
9.105085849761963,1.0466408823617641
9.119305849075317,1.021638701763007
9.133327960968018,1.0479597762829744
9.147223949432373,1.0460751452796488
9.161443948745728,1.015970347450481
9.175435066223145,1.030554160973724
9.189318895339966,1.0186031692099802
9.20364785194397,1.0212804178589545
9.217653036117554,1.0230834872819545
9.241657972335815,1.0147964912904972
9.255675077438354,1.0237858885458582
9.269711017608643,1.022442137099943
9.28401803970337,1.0285759560072878
9.298025846481323,1.0392177437132313
9.3122239112854,1.0147573726505579
9.32635498046875,0.9946958119545164
9.340399026870728,0.9944798278699843
9.354676008224487,1.013764129145099
9.368882894515991,1.0224515227692297
9.382883071899414,1.016527391232602
9.39712905883789,1.0005265875986307
9.411458015441895,0.9920863302720416
9.425714015960693,1.019694757321737
9.440037965774536,1.0179992214510925
9.454303979873657,0.9936641608058076
9.468491077423096,1.0192223150251474
9.482889890670776,1.0450780448790922
9.49702787399292,1.006589398692344
9.520642042160034,1.04728488584263
9.535475969314575,1.023187825272853
9.549591064453125,1.0459706115040506
9.563766956329346,0.99259360705555
9.577791929244995,0.9923279129756327
9.591811895370483,1.019927229295612
9.606060028076172,1.0187396780321936
9.620058059692383,1.0242660895609237
9.63416600227356,1.0186442759131005
9.648652076721191,1.0210873359181019
9.66259503364563,1.024282645204586
9.67681884765625,1.0189995091542867
9.690844058990479,1.0161527582920342
9.704778909683228,1.011000271341531
9.7190580368042,1.019336111752491
9.733154058456421,0.9939136058557361
9.747128963470459,1.0170420810804317
9.761499881744385,1.0172418781986607
9.775527000427246,1.0173567166774191
9.799579858779907,1.045383843238225
9.813629865646362,0.9933340401668296
9.827550888061523,1.0456186413614366
9.8417649269104,1.0209059527251727
9.855780839920044,0.9920420202096294
9.869822978973389,1.0247471997738595
9.88419795036316,1.0219497933270385
9.898247957229614,1.0448013378746674
9.912462949752808,0.9966934194185112
9.926698923110962,1.0226405294796823
9.940705060958862,1.0181080322537783
9.954802989959717,1.0234829550396745
9.96929407119751,0.9946167410929159
9.983413934707642,1.0164841465931065
9.997353076934814,1.0184470363941829
10.011595964431763,1.019549636382715
10.025694847106934,1.0202384921889887
10.03972601890564,1.046363278481112
10.053874015808105,1.046445986394983
10.06791090965271,1.043599284591883
10.082107067108154,1.0148632714300598
10.096351861953735,1.0194889512915637
10.110395908355713,1.0246261508046783
10.124629020690918,0.9955146452527249
10.138834953308105,1.0176826467301676
10.15280294418335,1.019652699219496
10.167096853256226,1.0162592741295566
10.181079864501953,1.0212426273355302
10.19503402709961,1.0227343349501945
10.209362983703613,1.013338714123126
10.223466873168945,1.0485558467193927
10.237483978271484,1.0214787149363682
10.251559019088745,1.021746774963785
10.265565872192383,1.0244174080822246
10.279666900634766,1.0165085690461315
10.293734073638916,1.016818387144354
10.307608842849731,1.0165764973213567
10.321647882461548,1.0453325551935952
10.33565902709961,0.9923215159822132
10.349742889404297,1.0445700650360896
10.363777875900269,1.0434750531737291
10.377810001373291,1.0463884561001822
10.391779899597168,1.0251566302021602
10.40578007698059,1.048546239952959
10.419945001602173,1.0206750176082096
10.433959007263184,1.0261613837302284
10.447949886322021,1.0105718054422324
10.462010860443115,1.0253997511684652
10.475993871688843,1.024268824606624
10.490092039108276,1.0288948562443072
10.504104852676392,1.0203861437825392
10.51811695098877,1.0199846158550447
10.53212285041809,1.022003742005875
10.546128988265991,1.0202568950368676
10.560075998306274,1.0241484174869162
10.574113845825195,1.045795510407275
10.588154077529907,1.0152044159012354
10.602175951004028,1.0178037894757292
10.616189956665039,1.0173595874733017
10.630316972732544,1.0223594986840787
10.644294023513794,1.0216105512658893
10.6582350730896,1.0241292115623901
10.672241926193237,1.017177920435552
10.686267852783203,1.024531209555016
10.700410842895508,1.0449655113734722
10.714408874511719,1.0441800916001034
10.728400945663452,1.0470442848549812
10.742402076721191,1.047533824347238
10.756398916244507,1.0247473742695001
10.770498037338257,1.0235383661083506
10.784530878067017,1.0232377767422294
10.798565864562988,1.0125108070738682
10.812635898590088,1.0275083634808833
10.826537847518921,1.0256921815226656
10.840615034103394,1.0225580819662106
10.854620933532715,1.0260469788286337
10.868618965148926,1.0118202541496482
10.88266897201538,0.9897855986966718
10.896708965301514,0.9952653020330656
10.910985946655273,1.0262424963097145
10.925193071365356,1.0238060033010024
10.939516067504883,1.017748300450217
10.95376706123352,1.0280069741446678
10.968111991882324,1.0162025570088564
10.982419967651367,1.0232888033639511
10.996670961380005,1.0086573526789067
11.010869026184082,1.0097310929139764
11.025042057037354,0.9953966880657398
11.039439916610718,1.0220947192729792
11.053591012954712,1.0129003510337369
11.06785798072815,1.0205541572816181
11.082227945327759,1.0374736253993897
11.096556901931763,1.0332087208356557
11.110790967941284,1.0211915860226544
11.124940872192383,0.9939124664318533
11.139250040054321,1.0162389513473218
11.153518915176392,1.020143989796643
11.16783595085144,1.049712051917606
11.182142972946167,1.0174662991690502
11.199692964553833,1.0224134840423833
11.21405291557312,1.0222830339814482
11.228314876556396,1.0291219197068113
11.242620944976807,1.042133268120595
11.256873846054077,1.0207728575614465
11.271121978759766,1.0246057031109743
11.285414934158325,0.9947024034060163
11.299731016159058,1.021769263253704
11.313894033432007,1.0115914283083083
11.328136920928955,1.0260649289561738
11.342373847961426,1.0412971158948159
11.356628894805908,1.0246734436225113
11.370872020721436,0.9952414363002996
11.385190963745117,0.9944135669683491
11.39953088760376,1.017845601898389
11.41365098953247,1.0211574986936964
11.427886009216309,1.0172874928912938
11.442250967025757,1.0117853798153265
11.456582069396973,1.0194431719972694
11.471374988555908,1.0225149757948744
11.485759019851685,1.018868358734093
11.500026941299438,1.0225788329031142
11.514158010482788,1.017203322373956
11.528512954711914,0.9923287238591776
11.542834043502808,1.0133491546301332
11.556967973709106,1.0145661042543683
11.57125186920166,0.9929136787707896
11.585563898086548,0.9912712191587142
11.599915981292725,1.022659063954631
11.614027976989746,1.0397008784826187
11.628262996673584,1.0225538268063339
11.642566919326782,1.0178686741245047
11.656848907470703,1.0150347828660142
11.671175003051758,1.0174995435952703
11.685466051101685,1.015574057842002
11.699806928634644,1.04783862160178
11.71404504776001,1.0205216548291167
11.72827696800232,1.0214440536564209
11.742509841918945,1.0473797278902466
11.756756067276001,1.047157306469225
11.771091938018799,1.0218021343512054
11.785398960113525,1.0131049068183369
11.799696922302246,1.0492292947587238
11.813883066177368,1.0190678270394333
11.8281729221344,0.993434692839634
11.842422008514404,1.0405828209654244
11.856703996658325,1.0140702598521745
11.870954990386963,1.0184142618492464
11.8852379322052,1.0252155263444676
11.899585962295532,1.01946141380152
11.91375994682312,1.021970235837211
11.928020000457764,0.9961050893100749
11.94224500656128,1.0194142300034499
11.9564790725708,1.0198705408274915
11.970731019973755,1.017741799690946
11.985014915466309,1.048960899317058
11.99930191040039,1.017441196710744
12.013520002365112,1.0488506577555847
12.027761936187744,0.9916867772368568
12.041966915130615,1.0198127971690116
12.05614686012268,1.0221048662354035
12.07050085067749,1.0154292578236792
12.084775924682617,1.0211030966951895
12.099045991897583,1.0160745946071985
12.113324880599976,1.0173315236313831
12.127622842788696,1.027404493269434
12.141808032989502,1.0208807596880505
12.156053066253662,1.049598254821725
12.170317888259888,0.9918258187997523
12.184594869613647,1.0205762046273659
12.198900938034058,0.991174526203537
12.21313190460205,1.0464317180376064
12.227376937866211,1.0106786440717912
12.241601943969727,1.0207903749159406
12.255913972854614,1.0293660439227312
12.270282983779907,1.0299929557948293
12.284569025039673,1.0192483677611242
12.298855066299438,1.0457366048806276
12.313068866729736,1.0180796670393104
12.327332973480225,1.0422905420610784
12.341567993164062,1.013549973759941
12.355809926986694,1.017438531185799
12.370079040527344,1.0221035249760333
12.384338855743408,1.0434090759939199
12.39864706993103,0.9959559326572773
12.412917852401733,1.0174517708672755
12.427209854125977,1.0204359111370485
12.441406965255737,1.0126391903841594
12.455657005310059,1.023299142352285
12.469994068145752,0.9999832509545529
12.484519958496094,1.0237405925127527
12.498841047286987,1.0139999593719684
12.513072967529297,1.0214551115494166
12.527387857437134,1.0244341358294582
12.54161286354065,1.0206459061489828
12.555736064910889,1.022870612936764
12.57000994682312,1.024746908947726
12.584145069122314,1.0112868458621422
12.5984468460083,1.0179822415843318
12.612726926803589,1.0343067354109285
12.626973867416382,1.0184822093306853
12.641195058822632,1.021064803421683
12.655452966690063,1.0199299175364667
12.67074203491211,1.0194822862348143
12.685075998306274,1.0271235472961455
12.699331045150757,1.0231312592069683
12.713572978973389,1.0161360115320894
12.727810859680176,1.0160140539477622
12.742191076278687,1.0106609809429539
12.756453037261963,1.0193659330487543
12.770704984664917,1.0262700841613437
12.784973859786987,1.0187787022672137
12.799386978149414,1.0255611895435968
12.813622951507568,1.0164575832109028
12.827784061431885,0.994946286366667
12.842114925384521,0.992556916197571
12.85636591911316,1.0232413882991307
12.870648860931396,1.0482529069790607
12.88490605354309,0.9929296766467443
12.89948296546936,1.0163544896028742
12.913784980773926,1.0100426063426742
12.928032875061035,1.0119226316535754
12.942349910736084,1.0203931826226553
12.95665192604065,1.0211147128159137
12.971497058868408,0.9948258951633042
12.98590898513794,1.0194831632184551
13.000211000442505,0.9949650971123262
13.014445066452026,1.0487487308280823
13.028739929199219,1.0182546464442677
13.043016910552979,0.9948567507292636
13.057172060012817,1.0252510484431017
13.071528911590576,1.0132787158849084
13.085793018341064,1.0283513222970093
13.100069046020508,1.0184705631850601
13.114266872406006,1.0121080687855661
13.128506898880005,0.9928487241462562
13.142829895019531,1.0187848453764272
13.157089948654175,1.0190836190495123
13.171341896057129,1.019954754209226
13.185598850250244,0.992747982043269
13.199944019317627,1.0226238598222093
13.21419095993042,1.0195985384546387
13.228430032730103,1.0076709322599864
13.242714881896973,1.015657336380505
13.256968021392822,1.0121636609117046
13.27122688293457,1.0447849076959832
13.285644054412842,1.0172766240653732
13.299975872039795,1.0261125039887098
13.314207077026367,0.9949302310540283
13.328459978103638,1.0086198869859968
13.342845916748047,1.0135951077419953
13.35710597038269,1.034616264718412
13.371356010437012,1.0229176664379902
13.385619878768921,1.0504036263838357
13.399975061416626,1.0192479584079082
13.414258003234863,1.0205208079409553
13.428514003753662,1.0285181505496046
13.442793846130371,1.0228823837989003
13.457047939300537,1.021174630053474
13.471299886703491,1.0147734960564574
13.485579013824463,1.0223999005219138
13.499940872192383,1.0188323215854223
13.514172077178955,1.0122396829125968
13.528410911560059,1.0191833077759322
13.542641878128052,1.0213219420494577
13.556804895401001,1.022505765586211
13.571151971817017,1.0218912630799388
13.585415840148926,1.0236817570765198
13.599787950515747,1.0461005577452762
13.614084959030151,1.0495358144965563
13.62821888923645,1.0276046827688465
13.642503023147583,1.0244862955553535
13.656782865524292,1.0203140585918118
13.67112398147583,1.01926325056283
13.685464859008789,1.023344108455438
13.699835062026978,1.0479924799580165
13.714347839355469,1.0200805645802715
13.728487968444824,1.0262133104593778
13.7427978515625,1.0141295941320607
13.75713586807251,1.015987742274976
13.771388053894043,1.0160722481372084
13.785660028457642,1.014760808807722
13.799968957901001,1.0178583385345779
13.814287900924683,1.044871933358588
13.828387975692749,1.0164543287090568
13.842635869979858,1.0129944112252616
13.85690188407898,1.0183368277971045
13.87114691734314,1.022457264890879
13.885437965393066,1.0209460617934787
13.899805068969727,1.0243821770985084
13.914053916931152,1.0487341243738084
13.928133964538574,1.0190165890549703
13.942342042922974,1.015470346266711
13.956668853759766,1.0221297083733751
13.970921993255615,1.0475594005722078
13.985185861587524,1.0194197553566386
13.999559879302979,1.045801808286115
14.013833045959473,1.0479965465175716
14.02796196937561,1.0162956077880148
14.042278051376343,1.019342660817802
14.056410074234009,1.0491945844808643
14.070680856704712,1.0189221488274982
14.085006952285767,1.0145307955497782
14.099287986755371,1.0495289711063525
14.113538980484009,1.045381619573077
14.127655982971191,1.0187036070762336
14.14186406135559,1.0177386078615103
14.156184911727905,1.0225889459177782
14.17051100730896,1.0140738746698703
14.184751987457275,1.0193611383109593
14.199038028717041,1.0224025822612826
14.213352918624878,1.0110472877472476
14.227627992630005,0.9958737897170096
14.24183702468872,1.017671928548553
14.256085872650146,1.0221025044514203
14.270336866378784,1.0223980349599433
14.284592866897583,0.9937950088096965
14.298949003219604,1.023203641074788
14.313225984573364,1.0189243424904542
14.327383995056152,0.9955257516688709
14.341570854187012,0.9946380749646438
14.355931043624878,1.0254005649629825
14.370182991027832,1.027218800187679
14.384419918060303,1.0192074901070536
14.398699045181274,1.015657336380505
14.412940979003906,1.0267397479318032
14.427134037017822,1.0479916268316318
14.441359996795654,1.0393948131147794
14.457485914230347,1.0193897602221877
14.472223043441772,1.0473524968941434
14.486613035202026,1.0067636221548322
14.500961065292358,1.04629791068031
14.515222072601318,1.0450875409433489
14.529553890228271,1.013827126434815
14.54378604888916,1.047408949916713
14.55787205696106,1.0173869768021957
14.57227897644043,1.0185675615647318
14.586446046829224,1.0451594002542626
14.600857973098755,1.0132136255432418
14.61513090133667,1.0217473291558663
14.629557847976685,1.0239471156817832
14.643805980682373,0.9950297638260932
14.658014059066772,1.0254955710339146
14.672277927398682,1.0146093425249914
14.686531066894531,1.0139048461151867
14.70090389251709,1.0352331168947468
14.715152978897095,1.0204359111370485
14.729310035705566,1.0595109351612313
14.743556022644043,1.02283631933107
14.757789850234985,1.017939819955375
14.772126913070679,1.0230733500256095
14.786386966705322,1.0146556336310173
14.800622940063477,1.0178945565577795
14.814871072769165,1.0035076611753384
14.829160928726196,1.0267514744374862
14.845593929290771,1.021041686665093
14.861088037490845,1.062039948888446
14.876703023910522,1.046325795744909
14.892226934432983,1.0200242644584114
14.907800912857056,1.0234192708262926
14.922270059585571,1.0159956915812867
14.93641185760498,1.014838662549571
14.950516939163208,1.044203609417864
14.964529037475586,1.0155546017237005
14.978530883789062,1.0072219064429966
14.992820978164673,1.0163670396681914
15.0068519115448,1.0228302879663187
15.020918846130371,1.0288926259082363
15.034986019134521,1.0251138077334119
15.048996925354004,1.0229541423378676
15.063005924224854,0.9934317229067859
15.077000856399536,0.9938697370932696
15.091027021408081,1.021722186033635
15.105118989944458,1.022577900285774
15.119125843048096,1.0238684991577311
15.133194923400879,1.050260932607577
15.14719295501709,1.0234783251824267
15.161221027374268,1.0249186855719856
15.175235033035278,1.0309888046555913
15.189274072647095,1.0191710848074402
15.203320026397705,1.024388402975679
15.217337846755981,1.0249230763018111
15.231369018554688,1.021712268622691
15.245368957519531,1.008142254723722
15.25932788848877,1.0156410216021443
15.273342847824097,1.0180629227027482
15.287360906600952,0.9932084125230122
15.301394939422607,1.0296890119851203
15.315423965454102,1.0468464463168847
15.329481840133667,1.0456495371765213
15.343469858169556,0.9965398350575846
15.357473850250244,1.0163585947814815
15.371623992919922,1.0247420812218486
15.385633945465088,1.0254892937553777
15.399723052978516,1.024099499869562
15.413743019104004,1.045351770686858
15.428009033203125,1.013734613435867
15.442070007324219,1.0212751652057839
15.456089973449707,1.023210194512241
15.470097064971924,0.9966744020782751
15.484103918075562,1.0302446840441157
15.498106002807617,1.0251676480497318
15.512142896652222,1.0161867202257462
15.526143074035645,1.022558344270007
15.540128946304321,1.0248604993560886
15.554024934768677,1.0171319492248494
15.568122863769531,1.0219530011659548
15.582128047943115,1.020581957300157
15.59613585472107,1.0194336416940817
15.61012887954712,1.0219966559364717
15.624022006988525,0.9943116945822994
15.638103008270264,1.047918141606066
15.652446031570435,1.0127599064708055
15.666705846786499,1.0189950344069527
15.680943965911865,1.0247511259185866
15.69517993927002,1.0493448075204788
15.70951795578003,1.0253040386154268
15.723787069320679,1.0192830452295474
15.73800802230835,1.0267952734934642
15.752310991287231,1.0198062803463699
15.766699075698853,1.0489775197845017
15.782043933868408,1.0212798342321585
15.79640507698059,1.0108148668483545
15.810667991638184,1.030938159148025
15.824847936630249,1.0215791909904297
15.839120864868164,1.021070027969666
15.85349988937378,1.0248753297397917
15.867754936218262,1.0146815980223267
15.882031917572021,1.0189482384863258
15.896291017532349,1.0296957556895754
15.91065502166748,1.024210106808109
15.92484998703003,1.0206153338430686
15.939069986343384,1.0134130305448306
15.958477020263672,1.0195103493371453
15.973343849182129,1.020556989881181
15.98774003982544,1.045471246636847
16.002018928527832,1.0206163850550363
16.01627802848816,1.015023772473367
16.030853986740112,1.0283151247884488
16.04492688179016,1.017740423398747
16.059058904647827,1.0193244168883508
16.07338786125183,1.0117003096737358
16.087650060653687,1.0471168637223147
16.101906061172485,1.0165285639429669
16.116204023361206,1.0185267443677963
16.130534887313843,1.0144730417252286
16.14464497566223,1.0160340879083478
16.15889286994934,1.019382772924748
16.17315697669983,1.0258762335980773
16.187485933303833,1.0224053805905156
16.204612016677856,1.0212540375946053
16.219027042388916,1.0216200612615196
16.233365058898926,1.020786988250846
16.24746584892273,1.0220861759190325
16.2618088722229,1.0111171745519052
16.2760329246521,1.016258746270224
16.2902729511261,1.0166460333486604
16.304408073425293,1.0219295545475249
16.318774938583374,1.0111437013867643
16.33304190635681,1.0202105367516114
16.34717893600464,1.0233665034005597
16.3614399433136,1.0475856020416858
16.375656843185425,1.0242483697793998
16.390002965927124,1.0196873629374388
16.404271841049194,1.025791780021177
16.41856598854065,1.0162778076834265
16.43314290046692,1.0199541113853199
16.447290897369385,1.0255016739067653
16.46158790588379,1.0151544801480243
16.475831031799316,1.021077324779651
16.490083932876587,1.047731220199936
16.504390001296997,1.0284129044018044
16.51867985725403,1.0442940795797098
16.53301191329956,1.0298992037757368
16.547137022018433,1.0208794752060015
16.561344861984253,1.02429236315549
16.575559854507446,1.0488169010634456
16.58995294570923,1.0226375860808963
16.604218006134033,1.0231305892502711
16.61846685409546,0.9985742537998201
16.632861852645874,0.9929041939796578
16.64702796936035,1.0172523079426652
16.661324977874756,1.0223417167054505
16.67553997039795,1.0266561491590598
16.689863920211792,1.0229153648000435
16.704131841659546,1.0489602458574019
16.718405961990356,0.9911575979529176
16.732748985290527,1.02820745212887
16.74688696861267,1.0229303981897842
16.761143922805786,1.0205359350098624
16.775325059890747,1.0301256408263553
16.789643049240112,1.0218989039900395
16.803813934326172,0.99474353906873
16.818110942840576,1.0193958996490287
16.832393884658813,1.0145908666144356
16.846580028533936,1.0134109131757139
16.860864877700806,1.018493270119562
16.875017881393433,1.0188988372107215
16.889261960983276,1.0303936494960326
16.903523921966553,1.0474978344970023
16.91779899597168,1.0164717152512073
16.932131052017212,1.0163404439020773
16.946336030960083,1.0192706480238871
16.960576057434082,1.0189343162851434
16.97476291656494,1.016144898200896
16.989001035690308,1.0219292337567265
17.003298044204712,1.0286765210688544
17.01758098602295,1.0217897385424506
17.03184700012207,1.0175696315886844
17.046027898788452,1.0193877429738696
17.060210943222046,1.0222343477938607
17.074496030807495,1.0114509493201111
17.088743925094604,1.0135937258192764
17.10299801826477,0.9944592398129514
17.117265939712524,1.0216487074005234
17.131494998931885,1.0187348218383943
17.145741939544678,1.0220925324144348
17.160043954849243,1.0245212611574985
17.17428493499756,1.0197478316448376
17.188523054122925,1.0234997271773623
17.202924966812134,1.019184652878344
17.21735906600952,1.0165841195463365
17.23173689842224,1.0237771846436334
17.245954036712646,1.0081492608042926
17.26021385192871,1.0215328635382992
17.274517059326172,1.0474689563712436
17.28877902030945,1.0127772681568106
17.302927017211914,1.0133922095563774
17.317229986190796,0.9871926626159208
17.33147692680359,1.017080994639403
17.345752000808716,1.0187535736395754
17.35999894142151,1.0490969237087846
17.374249935150146,1.0246357491545897
17.388503074645996,1.019307897664135
17.402814865112305,0.9925192030675246
17.417115926742554,1.0166333694685723
17.43136692047119,1.0236659486615531
17.445600032806396,1.0202820450588266
17.459985971450806,1.0198752747273627
17.47461199760437,1.0150360160225533
17.48898196220398,1.024637261613648
17.503273010253906,1.0139127823584975
17.517564058303833,0.9985499299315862
17.531841039657593,1.022230324520145
17.54618191719055,1.0228329394402278
17.560348987579346,1.0239280515108058
17.574578046798706,1.026582791434165
17.5888249874115,1.0184991516012367
17.603074073791504,1.0235135581605177
17.617442846298218,1.0185570282511454
17.63169503211975,1.0422498818733952
17.645948886871338,0.9947242747276208
17.660145044326782,1.0209500317465607
17.674399852752686,1.0219660657149832
17.688732862472534,1.0202041393181098
17.702976942062378,1.0161253063658042
17.717283010482788,1.0194839525030868
17.731555938720703,0.9965790706966222
17.745826959609985,1.0186084356418197
17.760133028030396,1.0246296411241402
17.77438998222351,0.9906905287961703
17.78864288330078,1.04632289049196
17.802785873413086,1.0137870296860187
17.817144870758057,1.0226296592618385
17.8315269947052,1.0194653895360468
17.84578585624695,1.024766452280327
17.86006999015808,1.0202708868212977
17.87433695793152,1.0228494308708782
17.888675928115845,1.0212997940792368
17.902941942214966,1.0457985026168828
17.917237043380737,0.9931253221246042
17.93149185180664,1.0236013150332293
17.94573998451233,1.0484792175179765
17.960126876831055,1.0203855596442482
17.974395036697388,1.0230635331040463
17.988646030426025,1.0195942417138562
18.002898931503296,1.0110192550312207
18.017180919647217,1.0251391002428154
18.031497955322266,1.026291166588039
18.045762062072754,0.9934728211888272
18.060114860534668,1.018824189649958
18.074382066726685,1.021077324779651
18.08864688873291,1.0465272069511946
18.102829933166504,1.0164717152512073
18.117146015167236,1.044257378749153
18.131420850753784,0.9908359663960148
18.145676851272583,1.0257400643883003
18.160099983215332,1.0290718484101176
18.174372911453247,1.024474426760211
18.188632011413574,1.020969355856553
18.202874898910522,1.0472353130138476
18.217149019241333,1.0176909634927664
18.231493949890137,1.0170706803471017
18.245755910873413,1.0197326344336857
18.26010298728943,1.013345037259934
18.27440094947815,1.0167961410771877
18.288749933242798,0.994547462780722
18.303003072738647,1.0123738410435326
18.317275047302246,1.0217894468745514
18.331533908843994,1.0239660339738557
18.345778942108154,1.0341787941616332
18.360100984573364,1.048319403738279
18.374422073364258,0.9929206422306521
18.388675928115845,1.0181579109619283
18.40292191505432,1.021948889297889
18.417171001434326,1.0184931823359962
18.431769847869873,1.0230172437387288
18.446035861968994,1.0226020606293444
18.460250854492188,1.0457016076699308
18.47448992729187,1.011525522286255
18.488735914230347,1.0227255055383384
18.502944946289062,1.0187233541081469
18.51724100112915,1.0123733405963804
18.531498908996582,1.020144778569994
18.545748949050903,1.0113365894963857
18.56008791923523,1.017300353697034
18.574415922164917,1.0206101945689734
18.588549852371216,0.9919148768946423
18.602895975112915,1.0176477097279304
18.617166996002197,1.0186190561965394
18.631419897079468,1.050836979972891
18.645681858062744,1.0219619538994826
18.66004705429077,1.0234435569059797
18.674304008483887,0.9906959436085802
18.688557863235474,1.0220561132423345
18.702929973602295,1.0142423755301817
18.717203855514526,1.0213719264147494
18.731471061706543,1.0193507301439846
18.745707988739014,1.024169980073002
18.760068893432617,1.0208826280226915
18.774327993392944,1.0228000431951425
18.788596868515015,0.9950525564182451
18.802754878997803,1.019327866887225
18.817023992538452,1.0151125862368722
18.83127498626709,1.0223130316814848
18.84552001953125,0.9932045717333114
18.859933853149414,1.02894270592641
18.874181985855103,1.0254750825522811
18.888429880142212,1.0274133984994396
18.90276598930359,1.0191926064911034
18.917966842651367,1.0186882772645747
18.932322025299072,0.9934250330255224
18.94658589363098,1.021661921692907
18.960864067077637,1.0471547735070004
18.975462913513184,1.0167012894055791
18.989979028701782,1.0196516762419592
19.004247903823853,1.0457163419803799
19.018512964248657,1.0497161402064457
19.033128023147583,1.0101441019010753
19.047416925430298,0.9922485933493296
19.061820030212402,1.0449109513611994
19.076056957244873,1.0175821080926124
19.09031391143799,1.0239292157451638
19.104562044143677,1.0195993568794015
19.118846893310547,1.020415934391987
19.133128881454468,1.0182486172092338
19.147307872772217,1.0444970809380778
19.161628007888794,1.0084257699563788
19.175866842269897,1.019467318931038
19.19018006324768,0.994541949074514
19.204444885253906,1.0233957995589642
19.218714952468872,1.0205610197515462
19.232990980148315,1.0232738334886768
19.247238874435425,1.0218666484619812
19.261515855789185,1.0206460229468672
19.27574586868286,1.0182561976494489
19.290019989013672,0.9966415095955187
19.304158926010132,1.0217452290579694
19.31843900680542,1.0168418636913559
19.33287286758423,0.9932207749640205
19.347123861312866,1.0205648743952667
19.36136293411255,1.0198676186561089
19.37556791305542,1.0496962664307117
19.389967918395996,1.0222407033679008
19.40423583984375,1.0468500902998583
19.418489933013916,1.043740433517747
19.432843923568726,1.0266972527396339
19.447107076644897,1.0493795128294177
19.461434841156006,1.0495603765046966
19.475656986236572,1.0225404783131917
19.489966869354248,1.0323041094592393
19.504212856292725,0.9939067992778736
19.51849889755249,1.0165805722872054
19.532870054244995,0.9937058193054434
19.5471248626709,1.045909607272872
19.56132984161377,1.0264501129826713
19.575531005859375,1.0189990412077732
19.589870929718018,1.0519206736503253
19.604191064834595,1.0218139758539506
19.618449926376343,1.0130108274670113
19.63289499282837,1.001653407073102
19.6471688747406,1.0173714806842313
19.661433935165405,1.0182979622289383
19.675665855407715,1.0147923797926528
19.689965963363647,1.0282717962312997
19.704222917556763,1.0167278464206309
19.718469858169556,1.0167186424122823
19.732903003692627,1.0200213135100664
19.747153997421265,0.9946232132147148
19.761335849761963,1.046125171921632
19.775568962097168,1.0174608803710734
19.789909839630127,0.9970538131439705
19.80408501625061,1.0500899242314063
19.818351984024048,1.0024958101979362
19.83263397216797,1.0202719968085072
19.84687900543213,1.010324644375042
19.861117839813232,1.0173881778147156
19.875324964523315,1.0205054178164188
19.889678955078125,1.0499567817694588
19.90395188331604,1.0158774722343695
19.918211936950684,1.0269783443518958
19.93250584602356,1.0467464880564366
19.946763038635254,1.0187563819919383
19.961042881011963,1.0213470658453119
19.975244998931885,1.0518671260545833
19.989572048187256,1.0261750917126526
20.003865957260132,1.0363991814735622
20.01812505722046,1.0249926566814591
20.03240203857422,1.0162634676689586
20.046661853790283,1.0199204502219947
20.060822010040283,1.024615068961584
20.07507300376892,0.9927999153336206
20.089319944381714,1.014873578790994
20.103584051132202,1.0193486251085302
20.117840051651,0.9943796106659593
20.13213300704956,1.0365790611510464
20.146415948867798,1.0246612570596465
20.16059899330139,1.0410726792838134
20.174800872802734,1.0209548190223925
20.188962936401367,1.0119175660367776
20.20331907272339,1.018466378733383
20.217571020126343,1.0212997940792368
20.23221206665039,1.017781272130374
20.246500968933105,1.0500748539537288
20.26069688796997,1.0217453165621346
20.274911880493164,1.0120213177682278
20.289159059524536,1.0258265849174781
20.303367853164673,1.0151057750101333
20.317651987075806,1.0229877036782913
20.331959009170532,1.0262652926403306
20.34628701210022,1.0289723356974996
20.360575914382935,1.014510203133945
20.374629020690918,1.024016733273117
20.38888907432556,1.019208396567801
20.403131008148193,1.0239336980350835
20.417398929595947,1.0066421573909987
20.432410955429077,1.0240403067192296
20.446680068969727,1.0171879992505795
20.472681999206543,1.0194121250991195
20.4871609210968,1.028213249059891
20.501513957977295,1.024131976073717
20.51569700241089,1.0176811239352879
20.530078887939453,1.0188523293805474
20.544312953948975,1.0301860754207681
20.55842900276184,1.0309571225974876
20.572743892669678,1.018986494311751
20.586703062057495,0.9992104333884897
20.61057996749878,1.0154147003764222
20.62459087371826,1.0228778677663235
20.63850998878479,1.0173145619152548
20.652920961380005,1.0217699632703496
20.66693091392517,0.9922167555933841
20.690547943115234,1.0190515376170788
20.704586029052734,1.0194788952243052
20.718491077423096,1.0472587053069633
20.732742071151733,0.9912411840174282
20.746774911880493,0.9965192596538175
20.770555019378662,0.9949654265967403
20.78459095954895,0.9957910115068673
20.79850196838379,1.041459438056052
20.8127019405365,1.023320489848387
20.826680898666382,1.0237474336231003
20.850570917129517,1.0159649793416392
20.86457586288452,1.0226001662925108
20.878453969955444,1.0345144333457112
20.892684936523438,1.018928232574483
20.90677285194397,1.019995192862384
20.9305579662323,1.0193347083758786
20.94457197189331,1.019532711568786
20.958462953567505,1.0246839431463635
20.972643852233887,1.011794510880507
20.986681938171387,0.9953758495058437
21.013015031814575,1.0146626828527339
21.028208017349243,1.020222192246511
21.04562497138977,1.0120039431133272
21.070019960403442,1.0238645696284545
21.084068059921265,1.029311786232347
21.09797692298889,1.020201977619183
21.112215995788574,1.0194571164827935
21.12625288963318,1.0475726294090657
21.150032997131348,1.0196171282265283
21.164042949676514,1.0225753064393241
21.177978038787842,1.0164008185133777
21.192286014556885,0.9943813189983695
21.20915389060974,1.020746610162634
21.22359299659729,1.0205882355608684
21.237841844558716,1.022694791412891
21.251829862594604,1.0263211052128869
21.266435861587524,1.012474072677763
21.280569076538086,1.014586196179956
21.294482946395874,1.020750872856176
21.308680057525635,1.0248902180659993
21.322720050811768,1.043539284091412
21.336691856384277,0.989777709877525
21.35086703300476,1.0477480877271972
21.364870071411133,1.018456312569414
21.37882089614868,1.0219034826759685
21.393054962158203,1.0239947309004553
21.407150983810425,1.0152741339641773
21.431122064590454,1.0469975470939548
21.445165872573853,0.9923642819526497
21.459118843078613,1.0211392871885925
21.473371982574463,1.0427021157266385
21.487483024597168,1.0252327643087278
21.501594066619873,1.0231817959801288
21.51587200164795,0.9929847818036366
21.5300190448761,1.0208921156067712
21.54430103302002,1.0222179630583568
21.558712005615234,1.0158038055305076
21.5727059841156,1.0004816385535489
21.586911916732788,0.9952085264026204
21.60100793838501,1.0199419853130058
21.614984035491943,1.0207796601698107
21.629268884658813,1.0244785575819637
21.643290996551514,1.0250815952202457
21.657224893569946,1.0179033693175574
21.671295881271362,0.9950696879572286
21.685338973999023,1.0190643176706264
21.69929790496826,1.0228618721099143
21.71343207359314,1.0187213940494981
21.72742986679077,1.02006671626555
21.74158000946045,1.017645894025287
21.75575590133667,1.018576251466439
21.76981806755066,1.042181510850892
21.784008979797363,1.0219632661828226
21.798563957214355,1.0268141683344005
21.81261897087097,1.016583826384894
21.82688307762146,1.0194549239662605
21.841009855270386,1.0429111421941446
21.85493302345276,1.0121853021478302
21.869221925735474,1.016290593292565
21.88326096534729,1.0226156706077272
21.89722490310669,1.019205852627531
21.911454916000366,1.0176857508819042
21.925436973571777,1.0462119151832505
21.93948793411255,1.0169974810288702
21.95366907119751,0.995402436557215
21.97245693206787,1.0501589439072612
21.986767053604126,1.0250625521483825
22.00090503692627,1.0191784829374602
22.01481604576111,1.02411809524151
22.02914786338806,1.0211319324502313
22.043274879455566,0.9997411333240849
22.057245016098022,1.024031866905825
22.071380853652954,1.0123533519460841
22.085408926010132,1.0188737407962496
22.09934091567993,1.0259075206195731
22.113640069961548,0.9924123314061745
22.12763285636902,1.0472354837624058
22.141828060150146,1.0202045774997666
22.15685486793518,1.021730528251826
22.171009063720703,1.0179245371962542
22.185176849365234,1.020060201065112
22.199315071105957,1.0474682450773116
22.21328592300415,0.9916329223170164
22.227582931518555,1.0196160467553734
22.241605043411255,0.993458661972683
22.255523920059204,1.0138512307551786
22.269765853881836,1.0119606818714586
22.283825874328613,1.011922013178465
22.29778003692627,1.0283551477398836
22.311888933181763,0.9943367215694647
22.32589888572693,0.9938011264244969
22.33997392654419,1.0456837096209153
22.35417103767395,1.020925949073371
22.368193864822388,1.0206260503143307
22.382338047027588,1.0476090149610644
22.396717071533203,1.0165933834043723
22.410704851150513,1.0260448003937297
22.424885034561157,1.0206677763198047
22.439250946044922,1.0281899451987935
22.453227996826172,1.0189729820971045
22.467476844787598,0.9975177534335264
22.481526851654053,1.0466058869137813
22.495447874069214,1.0362762438185367
22.50974988937378,1.017743527374263
22.523786067962646,1.0173701917715376
22.537781953811646,1.019973629676046
22.551907062530518,1.0191749154664473
22.565948009490967,1.0193486835817958
22.57995104789734,1.027108082012089
22.59410285949707,1.0220631114225647
22.608065843582153,1.0431798942663018
22.62220287322998,1.0176007639879832
22.636610984802246,1.0209203442970303
22.650619983673096,1.0486622542455992
22.664954900741577,1.012677037102682
22.67927098274231,1.0252879936082295
22.69317388534546,1.0173570682038808
22.707449913024902,1.0218697107393993
22.72181487083435,1.049591241473342
22.735990047454834,1.0140262638430169
22.750303983688354,1.0194055764800745
22.764559984207153,1.0223287444111715
22.778722047805786,1.0190389621219
22.793001890182495,1.0151950806560925
22.806954860687256,1.0498526628754357
22.830570936203003,1.0131051715696617
22.844591856002808,1.0315241593727356
22.858546018600464,1.014798723239494
22.872808933258057,1.023723358534255
22.886837005615234,1.0499409715772308
22.910676956176758,1.0198960510280688
22.924661874771118,1.0209314662450297
22.93867301940918,1.0233520006181596
22.95296001434326,1.048245884629552
22.966991901397705,1.046580629097762
22.99051284790039,1.0197332773972074
23.00459885597229,0.9938399604048848
23.018518924713135,0.9948314672100987
23.0328049659729,1.0165720998578713
23.04688000679016,1.0143421580979286
23.060842037200928,1.0097769878640923
23.074856996536255,1.0285231054304205
23.08886194229126,1.016950300133187
23.102864980697632,1.0250837175559624
23.116878032684326,1.0275931400120581
23.130955934524536,1.0458729346377922
23.145019054412842,1.039568469540757
23.159029006958008,1.0233174319124252
23.173056840896606,1.0121482909364672
23.187072038650513,1.0347720314826954
23.201086044311523,1.026090023753727
23.21516704559326,1.0192883081486215
23.229163885116577,1.0162762534585064
23.243263959884644,1.016019333800015
23.2572979927063,1.0093969265944869
23.271311044692993,1.0204283176835385
23.285353899002075,1.0146519621419772
23.299547910690308,0.9975451796680557
23.31361198425293,1.0156284625654617
23.327590942382812,1.017479157714702
23.341547966003418,1.0160761784713785
23.355576038360596,1.0017334992925457
23.36965584754944,1.0204201400550263
23.38365888595581,1.0195417147863015
23.3976469039917,1.0161162435478355
23.41164994239807,1.0203445815085634
23.425642013549805,1.0226033429476706
23.43974804878235,1.0237859758756058
23.453768968582153,1.0186074116155388
23.46781587600708,1.0175742004670303
23.48196291923523,1.015714494723574
23.495970964431763,1.01411169723349
23.5102858543396,1.0234169994368514
23.524518966674805,1.0475632696686596
23.53884196281433,1.0454895474017656
23.553030014038086,1.0263856837151335
23.56731104850769,0.9917573071309892
23.581634044647217,0.9971053129473735
23.595859050750732,1.0228783922098397
23.61014485359192,1.0147350813997114
23.624384880065918,1.046083008395508
23.63864493370056,1.0126730052878534
23.652930974960327,1.0155968588818403
23.66719889640808,1.0265260059947734
23.681509971618652,1.020153396609466
23.695730924606323,1.0200807398741896
23.710031032562256,1.0201274546296997
23.72428297996521,0.9970634975816931
23.738544940948486,1.0177301157894956
23.7529718875885,1.0319227278523522
23.76723599433899,1.010218181319541
23.78146195411682,1.0167454041545279
23.795668840408325,1.0250770888764138
23.809934854507446,1.0457541885419768
23.824198007583618,1.0217269988601347
23.8387348651886,1.0162523532854262
23.853030920028687,1.02237483174847
23.8672878742218,1.0216751941544908
23.881635904312134,1.0152389379489068
23.895868062973022,1.018133498800926
23.91013503074646,1.0148632420642096
23.92438507080078,1.0235518180539949
23.938627004623413,1.0224806119670937
23.952931880950928,1.022155278816731
23.967193841934204,1.0492339530064931
23.981428861618042,1.0140505691555313
23.99563694000244,1.017174873332279
24.00993800163269,1.0468044826613474
24.0242760181427,1.0426194252475218
24.03853988647461,1.0246658815719272
24.052778959274292,1.0210509100802208
24.067051887512207,0.9910357541275528
24.0812828540802,1.0238662287648774
24.095547914505005,1.0219807631330093
24.10989284515381,1.0145137282561787
24.12414288520813,1.0256369158734304
24.138407945632935,1.0258942157632496
24.152760982513428,1.0165252217148606
24.167046070098877,1.0194086461504899
24.181282997131348,1.0163205039516936
24.19550395011902,1.020455624646815
24.209821939468384,1.023863871043893
24.22409701347351,1.0219386532991461
24.238343000411987,0.9965255399819892
24.25261402130127,1.026182177970752
24.26689600944519,1.0326162016091673
24.281118869781494,1.0166724452391283
24.29542589187622,1.02615894415484
24.30979895591736,1.0220573087681843
24.32406997680664,1.0407924448650252
24.338320016860962,0.998260355772686
24.35263204574585,1.0170334952829707
24.36693286895752,1.0450805258411435
24.381176948547363,1.011315548944943
24.395418882369995,1.0146707012828995
24.40976595878601,1.015773028810025
24.424011945724487,1.0227722743277285
24.43864393234253,1.0210410445254945
24.45293688774109,1.0244873718853678
24.46719789505005,1.0143675429092993
24.48167586326599,0.9930288997413094
24.495998859405518,1.0328926240021505
24.510220050811768,0.9966037417060418
24.52446985244751,1.01826989498132
24.53870987892151,1.0262973518459333
24.55287003517151,1.0295536365237503
24.56722402572632,0.9930031495097175
24.581413984298706,1.0028366446864894
24.595669984817505,1.0229545210744144
24.610013961791992,1.0209368374311236
24.624274969100952,1.0485749178795318
24.63860297203064,1.0300146275009427
24.65292191505432,1.0441868273399004
24.66721200942993,1.020818285279722
24.68143391609192,1.0195170142104333
24.695672035217285,1.0426619574986413
24.71002697944641,1.0488128376846493
24.72429084777832,1.0207412379755556
24.738544940948486,1.0457386282991754
24.75311303138733,1.017338730078024
24.76738691329956,1.0152435173160228
24.781723022460938,1.0159330927771701
24.79599404335022,1.0097553835557915
24.810163021087646,1.047512884948436
24.824400901794434,1.0282020899385775
24.838660955429077,1.0170155615745975
24.853006839752197,1.0185052378748733
24.86728286743164,0.9937060892252325
24.881525993347168,1.0131938593700573
24.895817041397095,1.0173200693774032
24.910162925720215,1.0459774496827852
24.924413919448853,1.0249086537014698
24.93865394592285,1.0220086118275564
24.952916860580444,0.992242676409709
24.967269897460938,1.0186998331554558
24.982189893722534,1.0190544913736728
24.99654984474182,1.0215611036961518
25.010758876800537,1.0496900770922883
25.024916887283325,1.0490612431604733
25.039582014083862,0.9983825119230758
25.053869009017944,0.9958802536693807
25.06817603111267,1.0229276886998153
25.082437992095947,0.9920549980057284
25.096708059310913,0.9945835108784161
25.11090397834778,1.021522944289326
25.12507700920105,1.0204216295565294
25.139304876327515,1.0212624420005756
25.153573036193848,1.0225167537053483
25.167850971221924,1.0202900777459
25.182143926620483,1.016206105587521
25.19640302658081,1.0472588475942521
25.210705041885376,1.025782337754683
25.224884033203125,1.017633066872394
25.23913598060608,1.0328434568720233
25.253550052642822,1.0211134578142629
25.2678279876709,1.0151863030988657
25.282103061676025,1.015214044617614
25.29635000228882,1.0230759426093492
25.311580896377563,0.9921499530566339
25.325927019119263,1.01596597669734
25.340203046798706,1.0218677275512613
25.354482889175415,1.0220800234936323
25.368769884109497,1.0438791366456814
25.38293695449829,1.0258075847281365
25.397259950637817,1.0421420474914436
25.411468029022217,1.0243267243922412
25.42569899559021,1.0120460246027878
25.440026998519897,1.0227296725639932
25.454369068145752,1.0181757074682058
25.468668937683105,1.0231331234319914
25.482930898666382,1.02649549268466
25.497195959091187,1.0266234044511175
25.51140785217285,1.011606600521617
25.525650024414062,1.0245937775251108
25.539975881576538,1.047207708297537
25.554131031036377,1.022807502489617
25.568397045135498,1.025599692693209
25.58264183998108,1.0244474305572304
25.596914052963257,1.0203499265761131
25.61127495765686,1.0126290662943087
25.62547206878662,1.0497034210333216
25.64015793800354,1.0114108467675313
25.65444588661194,1.0156677823959381
25.668796062469482,1.0171192034926213
25.68306303024292,1.0231529597410127
25.697314977645874,1.0155064733741248
25.711533069610596,1.0263509558529338
25.72576594352722,1.0172332354926918
25.740092992782593,1.020368969977171
25.754358053207397,1.0259272451873
25.76877784729004,1.023766413826063
25.783051013946533,1.0183393739083082
25.797322034835815,0.9878732796651252
25.811555862426758,1.0190960185303621
25.82578992843628,1.027302034060517
25.84003186225891,1.017782706930569
25.854284048080444,1.021110188965513
25.868635892868042,1.0192381923610074
25.882904052734375,1.016401434263158
25.897151947021484,1.0237731965433117
25.911376953125,1.0204494331855103
25.92559289932251,0.9946017292038356
25.939998865127563,1.018850311068156
25.954258918762207,1.0192944189483415
25.96854591369629,1.017325899052194
25.982877016067505,1.0130686352327678
25.997138023376465,1.020299220327326
26.01140785217285,0.9919818454780902
26.025636911392212,1.0270763963125904
26.03996706008911,1.0179049796142559
26.054101943969727,0.9961378499160954
26.068395853042603,1.0488912609568766
26.082701921463013,1.0206386938537155
26.096946001052856,1.0226841257607693
26.111273050308228,0.9984172574231422
26.125496864318848,1.0238329290912602
26.139925956726074,1.0157922166937365
26.15422487258911,1.0263111160888783
26.168489933013916,0.9939487774294372
26.18283200263977,1.048742592732002
26.197082996368408,1.0156536685125228
26.21432089805603,1.0151427664675252
26.22865605354309,1.0374626807889011
26.24298405647278,1.0126743884670124
26.25725793838501,1.019776471927171
26.27154803276062,1.04754779319711
26.285836935043335,1.024251454032702
26.300060033798218,1.0263090543680398
26.31416893005371,1.0143141576791148
26.328402996063232,1.0480731541384796
26.34262204170227,1.0206815288841589
26.356930017471313,1.0151461719625081
26.37121605873108,1.0487932593661518
26.38546895980835,1.0140702598521745
26.399821996688843,1.0195262514189156
26.414002895355225,1.0143367519912332
26.428125858306885,1.0153421448254056
26.44243097305298,1.0228069780097522
26.45670485496521,0.9971961409990273
26.47630000114441,1.0233378471022307
26.49077296257019,0.9918296649285755
26.505059003829956,1.0211446572815555
26.519262075424194,1.0466190423781088
26.533544063568115,1.044807242407021
26.547788858413696,1.023076292170699
26.56204390525818,1.0201746346535883
26.576295852661133,1.047287902253605
26.59064507484436,1.0136700815761923
26.604909896850586,1.0286622669822647
26.619025945663452,1.0463838706287067
26.633380889892578,1.022441845618151
26.647634983062744,1.0162478664418026
26.661875009536743,1.0248140875921592
26.67611289024353,1.0261985865362973
26.69051694869995,1.0248258652124682
26.704771041870117,1.0483172715861466
26.71891188621521,1.0423658249864443
26.733201026916504,1.0197897981516806
26.747456073760986,0.9928004556657144
26.76171898841858,1.0505861292631617
26.775959014892578,1.0166258355576625
26.7902090549469,1.0210282892143323
26.804332971572876,1.0473754028472508
26.81850290298462,1.015600292198707
26.83424186706543,1.0259756980382566
26.848567008972168,1.0069030680139248
26.862907886505127,1.0147628939914393
26.877163887023926,1.024926798230244
26.891435861587524,0.9908236343565724
26.90569496154785,1.014485732572805
26.920063972473145,1.0283150668250434
26.934324979782104,1.0193996417577278
26.94857907295227,1.0214210330149527
26.962908029556274,0.9930001782861801
26.977170944213867,1.0161862216563449
26.991369009017944,1.0197671200866891
27.005627870559692,1.0482698229719736
27.019980907440186,1.0154188093544496
27.0343120098114,1.0227664174189113
27.048577070236206,1.0273930642943725
27.062900066375732,1.0210172558875883
27.07715606689453,1.0117314164830584
27.091366052627563,1.0181659604070799
27.105690002441406,1.0402621177787141
27.120048999786377,1.0229948702801976
27.134315967559814,1.0495633295860411
27.148580074310303,1.0172238309732806
27.16291093826294,1.0214284732029704
27.1771719455719,1.0491473743875819
27.191367864608765,1.0168745716846692
27.205617904663086,1.0210475826552563
27.219980001449585,1.0162065748201357
27.234272003173828,1.0202032629542321
27.24853491783142,0.9928075399926297
27.262873888015747,1.0248091147785003
27.277127027511597,1.0226675442391784
27.291336059570312,1.0257483448756208
27.305497884750366,0.9936026745878456
27.319905042648315,1.0131259984570995
27.334182024002075,1.020602806817123
27.348444938659668,0.99520262706117
27.362781047821045,1.0161517611196602
27.37706995010376,1.0203167750223747
27.39128088951111,0.9920239952111731
27.405531883239746,1.0200610775518986
27.419928073883057,1.021912494169882
27.434180974960327,1.0473990480944926
27.448564052581787,1.017644049033799
27.46280288696289,1.0227255929586314
27.477086067199707,0.9945664009301087
27.491307020187378,1.0140836904512955
27.505630016326904,1.0177339811551986
27.519994974136353,1.0264164906428037
27.534255981445312,1.0202312185909193
27.548521041870117,1.0215272620918936
27.562865018844604,1.0209027415962635
27.577143907546997,1.0266362063628718
27.59134793281555,1.0197278121943507
27.605599880218506,0.9937948288792793
27.619963884353638,1.0237418442938078
27.634225845336914,1.0186452121318579
27.648562908172607,1.0450933868258832
27.66288995742798,1.025543288719153
27.67713189125061,1.0091881050480849
27.69132900238037,1.0218514827623626
27.70559000968933,1.014901886787882
27.720038890838623,1.045961379891844
27.734323024749756,0.9939747430271296
27.74858784675598,1.0137293510826997
27.762850046157837,1.0200504135781707
27.77709984779358,1.020806373837058
27.791364908218384,1.0039510754029168
27.805530071258545,1.0188105582744165
27.81994605064392,1.0401583177850544
27.834203958511353,1.022062411606698
27.848526000976562,1.0480041392823367
27.862869024276733,0.9934993991725201
27.877128839492798,1.020482200775725
27.89133906364441,1.0243475849702786
27.905581951141357,1.0171387468833981
27.920050859451294,1.0196165144187164
27.934319019317627,1.0151432949071506
27.94846487045288,1.0499989032739634
27.96745491027832,1.012362419011622
27.98219895362854,0.9944426072285433
27.99665904045105,1.0156948652445823
28.01092505455017,1.0239118685161435
28.024956941604614,1.01820881165487
28.03928303718567,1.022364658315068
28.053454875946045,1.0224477918302652
28.067743062973022,1.0152724607867378
28.082011938095093,1.0295937271139002
28.096274852752686,1.0173160266687364
28.11056399345398,0.9985402300642793
28.12471294403076,1.014641564412928
28.138967037200928,1.0176313390015426
28.15321707725525,1.0241902327768493
28.167474031448364,1.0164626555218326
28.181764841079712,1.0216190985972773
28.19604992866516,1.026314832983588
28.210283994674683,1.0216183984772587
28.224426984786987,1.0122197210654595
28.238683938980103,1.0289533646324502
28.252928018569946,1.0319586544219397
28.267196893692017,1.0178353831945848
28.281437873840332,1.01056354805338
28.295621871948242,1.0206377886632605
28.30986189842224,1.0185850290696672
28.32404589653015,1.0271482390399749
28.338321924209595,1.0146289930050048
28.352582931518555,1.0217192108204596
28.366837978363037,1.0467794004602136
28.381155014038086,1.0265840687801133
28.395444869995117,1.014409026904962
28.409761905670166,1.0260115133331087
28.423938989639282,0.9959689791456103
28.438225030899048,1.028100376935804
28.45247793197632,1.0194689852237737
28.467669010162354,1.025577666162668
28.48227095603943,1.0211138372335293
28.49658703804016,1.0451945867021617
28.510897874832153,1.0230440155024292
28.52495002746582,1.0343397267023442
28.539301872253418,1.0246012528476058
28.55344295501709,1.0261574629812387
28.567721843719482,1.0142806325512697
28.582010984420776,1.0150714539524697
28.59629487991333,1.010646236859459
28.610596895217896,1.0192929570378666
28.624696016311646,1.0197396193338604
28.63897204399109,1.047903040095187
28.65327787399292,1.0225654847363999
28.66760492324829,1.0247108167838146
28.681890964508057,1.0241197539672062
28.696155071258545,1.0221003176095325
28.710394859313965,1.021236703288854
28.724545001983643,1.0261131719984935
28.738884925842285,1.0249598588294124
28.75314998626709,1.0237281328411356
28.767416954040527,1.0190050075097252
28.781697034835815,1.0487350053135858
28.79596495628357,1.0213264357819059
28.810159921646118,1.015828215002278
28.824334859848022,1.027547866792271
28.83863401412964,1.019357015987873
28.852887868881226,1.022343698974123
28.867153882980347,1.0001296317001975
28.881481885910034,1.0189411604162186
28.89572787284851,1.0195714131479383
28.910189867019653,1.0230100772935578
28.92439103126526,1.0173486315352769
28.938670873641968,1.0196351623197089
28.952969074249268,1.0183428857753847
28.96722984313965,1.0188216447503449
28.981497049331665,1.0192257361294699
28.99575686454773,1.0205667433081933
29.010052919387817,1.0477655807443453
29.02425193786621,1.024699386848824
29.03853988647461,1.0227094200772446
29.052748918533325,1.0219100444512461
29.067014932632446,1.0145386387708557
29.081300020217896,1.0184996782994313
29.095541954040527,0.9941838522995416
29.109856843948364,1.0155746154024925
29.124072074890137,1.0163934294869192
29.13838005065918,1.0116505544647854
29.152674913406372,1.004214495526257
29.16692805290222,1.0132649510822003
29.181205987930298,1.0473801831568914
29.195446968078613,1.013063016403832
29.20978307723999,1.0152915113633214
29.224019050598145,1.016511530192027
29.2382869720459,1.0161692701511484
29.25259804725647,1.0230514730180476
29.266851902008057,1.0197611290188113
29.281174898147583,1.0178374035195195
29.29542899131775,1.010543730044844
29.30968403816223,1.044592004919305
29.323909997940063,0.996964137956128
29.33820390701294,1.020242406473315
29.352536916732788,1.0175592050971731
29.36679196357727,1.0168730183718646
29.381131887435913,1.0232813184536889
29.395371913909912,1.0196643610908787
29.409682035446167,1.0175119916691955
29.42393207550049,1.0209771496161408
29.438217878341675,1.017236633989223
29.452481031417847,1.063155112538094
29.466856002807617,1.0229589493682483
29.48175597190857,1.0151960494119388
29.496145009994507,0.9965898363031114
29.510424852371216,1.0182359439920243
29.524606943130493,1.0254626148929074
29.53887104988098,1.0258208326037204
29.55311894416809,1.0143389555708104
29.567401885986328,1.0212188142102747
29.581748008728027,1.01442356940552
29.596019983291626,0.9929816304473685
29.610260009765625,1.0117307095207406
29.624470949172974,1.0494031697184851
29.63875389099121,1.0207211504168336
29.653012990951538,1.0150176066013155
29.667268991470337,0.9964860031611092
29.681556940078735,0.9967288816026492
29.695908069610596,1.0130931694400696
29.710129976272583,1.0207669599844602
29.72433304786682,1.0215105450926605
29.738638877868652,1.017194855131638
29.752903938293457,1.0178443135860826
29.767230987548828,1.0457496857848985
29.78150486946106,1.0240195562946486
29.795769929885864,1.022771254470396
29.809998035430908,1.0461596991652526
29.824229955673218,1.0171733497772193
29.838520050048828,1.0177900858710502
29.852887868881226,0.995116079402827
29.86716604232788,1.022433246867903
29.88142204284668,0.998109640100016
29.895782947540283,1.0170646440934286
29.910008907318115,1.0185045356143867
29.924259901046753,1.031333168606374
29.938376903533936,1.023227874020815
29.952659845352173,1.0187228275255968
29.96693992614746,1.0143971283403448
29.98118305206299,0.9936688096090417
29.995460987091064,1.0221907031744668
30.00978684425354,1.021502959627559
END
